name,email,mobile,creditCardNumber
Zagverd,zagverd@marmiyec,+(41) 9251 6825 ,936372XXXXXXXX5720
Sitqcerd,sitqcerd@darmcis,+(55) 7564 6242 ,417331XXXXXXXX3731
Bernard (Pty) Ltd.,berd@qarm.co.le,+(90) 6262 4352 ,246720XXXXXXXX1597
Afejrmerd,afejrmerd@yarm.co,+(15) 6745 2124 ,702049XXXXXXXX6886
Nxgmenjgerd,nxgmenjgerd@zarm,+(37) 4036 2256 ,503261XXXXXXXX5246
Zmend,zmend@harm.co.ay,+(31) 2898 1645 ,727650XXXXXXXX8448
Dend,dend@varm.co.ye,+(92) 8755 !1868 ,967377XXXXXXXX5522
Vnjhgend,vnjhgend@parm.co.,+(93) 2298 1673 ,488259XXXXXXXX3371
Jofhcxxend,jofhcxxend@farm.,+(34) 2071 5395 ,574232XXXXXXXX8995
Nyasend,nyasend@oarm.co.v,+(92) 2867 1538 ,201887XXXXXXXX5566
End,end@earm.co.cx,+(77) 6390-6471 ,579042XXXXXXXXXXXX
,@farm.co.ef,+(84) 4486 8717 ,742753XXXXXXXX9265
Barm,barm.co.fh,+(30) 8053 3178 ,536650XXXXXXXX5226
"E,T,",.co.et,+(24) 6788 9523 ,287943XXXXXXXX8838
PM Kolluked,pmkokd@wand.co.xx,+(24) 6788 9523 ,313465XXXXXXXX6064
Bxzoed,bxzoed@rand.co.vv,+(92) 8168 4163 ,295193XXXXXXXX3099
Kggobd,berd@qarm.co.le,+(73) 5751 5141 ,000329XXXXXXXX9867
Qgogd,qgogd@aaad.co.ge,+(29) 8845 6861 ,966784XXXXXXXX3717
Ceqcokd,ceqcokd@tagddd.com,+(95) 3486 6756 ,644384XXXXXXXX1759
Rcwwogd,rcwwogd@gauddd.com,+(96) 3220 4134 ,974082XXXXXXXX6823
Masuore,masuore@rilcdd.com,+(83) 4a5 28cd2 ,858041XXXXXXXX2239
Oore,oore@uilsdd.com.fb,+(35) 1883 3897 ,595077XXXXXXXX4721
Oinore,oinore@dilkdd.com.,+(38) 4026 8046 ,536536XXXXXXXX1922
Hore,hore@xilpdd.co.gf,+(70) 8539 7889 ,663015XXXXXXXX3575
NO Remains,nore@xilfdd.co.aa,+(17) 9959 4916 ,382264XXXXXXXX8373
Yefzore,yefzore@nilydd.co,,736760XXXXXXXX8821
Ezore,ezore@yilsdd.co.l,+(43) 7876 6219 ,238176XXXXXXXX1229
Tqfpore,tqfpore@eilodd.magazine,+(97) 6461 9829 ,888694XXXXXXXX7095
Yxpqore,yxpqore@pilzdd.tv,none provided,956772XXXXXXXX7141
VORE,vore@wilidd.alphabet.rd,+(45) 9730 4160 ,696544XXXXXXXX9185
